日期,未编入索引,已编入索引,展示
2026-04-23,,,0
2026-04-24,20,0,0
2026-04-25,1116,80,0
2026-04-26,1116,80,8
2026-04-27,1116,80,4
2026-04-28,1118,90,0
2026-04-29,1118,90,2
2026-04-30,1118,90,3
2026-05-01,1118,90,3
2026-05-02,1123,99,2
2026-05-03,1123,99,4
2026-05-04,1123,99,0
2026-05-05,1123,165,1
2026-05-06,1123,165,2
2026-05-07,1123,165,4
2026-05-08,1123,165,5
2026-05-09,1132,177,0
2026-05-10,1132,177,2
2026-05-11,1132,177,1
2026-05-12,1134,176,3
2026-05-13,1134,176,5
2026-05-14,1134,176,2
2026-05-15,1134,176,0
2026-05-16,1135,175,2
2026-05-17,1135,175,0
2026-05-18,1135,175,1
2026-05-19,1143,173,1
2026-05-20,1143,173,2
2026-05-21,1143,173,2
2026-05-22,1143,173,2
2026-05-23,1145,173,1
2026-05-24,1145,173,0
2026-05-25,1145,173,0
2026-05-26,1162,169,2
2026-05-27,1162,169,9
2026-05-28,1162,169,8
2026-05-29,1162,169,0
2026-05-30,432,152,4
2026-05-31,432,152,1
2026-06-01,432,152,4
2026-06-02,436,148,0
2026-06-03,436,148,2
2026-06-04,436,148,3
2026-06-05,436,148,2
2026-06-06,439,148,3
2026-06-07,439,148,1
2026-06-08,439,148,0
2026-06-09,455,135,1
2026-06-10,455,135,6
2026-06-11,455,135,0
2026-06-12,455,135,1